https://www.aki-aki.net/product/131418	001	Foil	JP	3,840	
https://www.aki-aki.net/product/131419	002	Foil	JP	3,200	
https://www.aki-aki.net/product/131420	003	Foil	JP	2,400	
https://www.aki-aki.net/product/131421	008	Foil	JP	243	
https://www.aki-aki.net/product/131422	010	Foil	JP	395	
https://www.aki-aki.net/product/131423	021	Foil	JP	1,440	
https://www.aki-aki.net/product/131424	038	Foil	JP	277	
https://www.aki-aki.net/product/131425	043	Foil	JP	1,280	
https://www.aki-aki.net/product/131426	057	Foil	JP	3,200	
https://www.aki-aki.net/product/131427	069	Foil	JP	2,080	
https://www.aki-aki.net/product/131428	079	Foil	JP	9,733	
https://www.aki-aki.net/product/131429	081	Foil	JP	1,600	
https://www.aki-aki.net/product/131430	107	Foil	JP	8,000	
https://www.aki-aki.net/product/131431	123	Foil	JP	2,612	
https://www.aki-aki.net/product/131432	130	Foil	JP	3,200	
https://www.aki-aki.net/product/131433	132	Foil	JP	4,608	
https://www.aki-aki.net/product/131434	141	Foil	JP	1,176	
https://www.aki-aki.net/product/131435	147	Foil	JP	1,698	
https://www.aki-aki.net/product/131436	169	Foil	JP	416	
https://www.aki-aki.net/product/131437	171	Foil	JP	768	
https://www.aki-aki.net/product/131438	179	Foil	JP	615	
https://www.aki-aki.net/product/131439	202	Foil	JP	480	
https://www.aki-aki.net/product/131440	203	Foil	JP	480	
https://www.aki-aki.net/product/131441	207	Foil	JP	320	
https://www.aki-aki.net/product/131442	211	Foil	JP	91	
https://www.aki-aki.net/product/131443	216	Foil	JP	128	
https://www.aki-aki.net/product/131444	225	Foil	JP	160	
https://www.aki-aki.net/product/131445	235	Foil	JP	640	
https://www.aki-aki.net/product/131446	238	Foil	JP	80	
https://www.aki-aki.net/product/131447	244	Foil	JP	79	
https://www.aki-aki.net/product/131448	251	Foil	JP	56	
https://www.aki-aki.net/product/131449	257	Foil	JP	84	
https://www.aki-aki.net/product/131450	258	Foil	JP	240	
https://www.aki-aki.net/product/131451	260	Foil	JP	512	
https://www.aki-aki.net/product/131452	274	Foil	JP	222	
https://www.aki-aki.net/product/131453	290	Foil	JP	160	
https://www.aki-aki.net/product/131454	296	Foil	JP	10,439	
https://www.aki-aki.net/product/131455	303	Foil	JP	1,760	
https://www.aki-aki.net/product/131456	308	Foil	JP	4,000	
https://www.aki-aki.net/product/131457	320	Foil	JP	8,000	
https://www.aki-aki.net/product/131458	016	Foil	JP	286	
https://www.aki-aki.net/product/131459	018	Foil	JP	32	
https://www.aki-aki.net/product/131460	025	Foil	JP	44	
https://www.aki-aki.net/product/131461	026	Foil	JP	33	
https://www.aki-aki.net/product/131462	031	Foil	JP	888	
https://www.aki-aki.net/product/131463	032	Foil	JP	668	
https://www.aki-aki.net/product/131464	034	Foil	JP	154	
https://www.aki-aki.net/product/131465	046	Foil	JP	35	
https://www.aki-aki.net/product/131466	050	Foil	JP	7,680	
https://www.aki-aki.net/product/131467	051	Foil	JP	96	
https://www.aki-aki.net/product/131468	055	Foil	JP	26	
https://www.aki-aki.net/product/131469	062	Foil	JP	48	
https://www.aki-aki.net/product/131470	064	Foil	JP	32	
https://www.aki-aki.net/product/131471	066	Foil	JP	58	
https://www.aki-aki.net/product/131472	073	Foil	JP	1,440	
https://www.aki-aki.net/product/131473	078	Foil	JP	286	
https://www.aki-aki.net/product/131474	083	Foil	JP	145	
https://www.aki-aki.net/product/131475	084	Foil	JP	75	
https://www.aki-aki.net/product/131476	085	Foil	JP	48	
https://www.aki-aki.net/product/131477	094	Foil	JP	1,120	
https://www.aki-aki.net/product/131478	099	Foil	JP	32	
https://www.aki-aki.net/product/131479	100	Foil	JP	40	
https://www.aki-aki.net/product/131480	101	Foil	JP	32	
https://www.aki-aki.net/product/131481	102	Foil	JP	155	
https://www.aki-aki.net/product/131482	103	Foil	JP	50	
https://www.aki-aki.net/product/131483	104	Foil	JP	48	
https://www.aki-aki.net/product/131484	105	Foil	JP	70	
https://www.aki-aki.net/product/131485	111	Foil	JP	48	
https://www.aki-aki.net/product/131486	129	Foil	JP	132	
https://www.aki-aki.net/product/131487	138	Foil	JP	1,120	
https://www.aki-aki.net/product/131488	150	Foil	JP	1,179	
https://www.aki-aki.net/product/131489	151	Foil	JP	117	
https://www.aki-aki.net/product/131490	152	Foil	JP	78	
https://www.aki-aki.net/product/131491	154	Foil	JP	640	
https://www.aki-aki.net/product/131492	157	Foil	JP	32	
https://www.aki-aki.net/product/131493	159	Foil	JP	32	
https://www.aki-aki.net/product/131494	165	Foil	JP	32	
https://www.aki-aki.net/product/131495	170	Foil	JP	77	
https://www.aki-aki.net/product/131496	172	Foil	JP	47	
https://www.aki-aki.net/product/131497	173	Foil	JP	96	
https://www.aki-aki.net/product/131498	174	Foil	JP	32	2
https://www.aki-aki.net/product/131499	175	Foil	JP	544	
https://www.aki-aki.net/product/131500	176	Foil	JP	148	
https://www.aki-aki.net/product/131501	177	Foil	JP	32	
https://www.aki-aki.net/product/131502	180	Foil	JP	32	
https://www.aki-aki.net/product/131503	186	Foil	JP	39	
https://www.aki-aki.net/product/131504	188	Foil	JP	80	
https://www.aki-aki.net/product/131505	192	Foil	JP	39	
https://www.aki-aki.net/product/131506	197	Foil	JP	32	
https://www.aki-aki.net/product/131507	198	Foil	JP	32	
https://www.aki-aki.net/product/131508	199	Foil	JP	32	
https://www.aki-aki.net/product/131509	200	Foil	JP	32	2
https://www.aki-aki.net/product/131510	201	Foil	JP	160	
https://www.aki-aki.net/product/131511	205	Foil	JP	32	
https://www.aki-aki.net/product/131512	206	Foil	JP	107	
https://www.aki-aki.net/product/131513	208	Foil	JP	38	
https://www.aki-aki.net/product/131514	209	Foil	JP	87	
https://www.aki-aki.net/product/131515	212	Foil	JP	26	
https://www.aki-aki.net/product/131516	213	Foil	JP	36	
https://www.aki-aki.net/product/131517	215	Foil	JP	32	
