https://www.aki-aki.net/product/131006	Emrakul, the Aeons Torn		JP	21.67	
https://www.aki-aki.net/product/131007	Kozilek, Butcher of Truth		JP	13	
https://www.aki-aki.net/product/131008	Ulamog, the Infinite Gyre		JP	8.85	
https://www.aki-aki.net/product/131009	Divine Visitation		JP	0.66	
https://www.aki-aki.net/product/131010	Emiel the Blessed		JP	2.31	
https://www.aki-aki.net/product/131011	Monastery Mentor		JP	4.88	
https://www.aki-aki.net/product/131012	As Foretold		JP	2.23	
https://www.aki-aki.net/product/131013	Consecrated Sphinx		JP	5	
https://www.aki-aki.net/product/131014	Mana Drain		JP	16.65	
https://www.aki-aki.net/product/131015	Bitterblossom		JP	10.58	
https://www.aki-aki.net/product/131016	Imperial Seal		JP	59.81	
https://www.aki-aki.net/product/131017	Liliana, the Last Hope		JP	5.54	
https://www.aki-aki.net/product/131018	Dockside Extortionist		JP	42.88	
https://www.aki-aki.net/product/131019	Seasoned Pyromancer		JP	19.19	
https://www.aki-aki.net/product/131020	Warrior's Oath		JP	2.8	
https://www.aki-aki.net/product/131021	Allosaurus Shepherd		JP	26.89	
https://www.aki-aki.net/product/131022	Concordant Crossroads		JP	6.61	
https://www.aki-aki.net/product/131023	Food Chain		JP	12.42	
https://www.aki-aki.net/product/131024	Aminatou, the Fateshifter		JP	1.07	
https://www.aki-aki.net/product/131025	Animar, Soul of Elements		JP	0.81	
https://www.aki-aki.net/product/131026	Aurelia, the Warleader		JP	0.81	
https://www.aki-aki.net/product/131027	Dragonlord Dromoka		JP	0.93	
https://www.aki-aki.net/product/131028	Dragonlord Silumgar		JP	0.42	
https://www.aki-aki.net/product/131029	Elenda, the Dusk Rose		JP	0.58	
https://www.aki-aki.net/product/131030	Ezuri, Claw of Progress		JP	0.24	
https://www.aki-aki.net/product/131031	Ghave, Guru of Spores		JP	0.25	
https://www.aki-aki.net/product/131032	Hellkite Overlord		JP	0.24	
https://www.aki-aki.net/product/131033	Kaalia of the Vast		JP	1.13	
https://www.aki-aki.net/product/131034	Karador, Ghost Chieftain		JP	0.22	
https://www.aki-aki.net/product/131035	Lord of Extinction		JP	0.29	
https://www.aki-aki.net/product/131036	Master of Cruelties		JP	0.48	
https://www.aki-aki.net/product/131037	Mizzix of the Izmagnus		JP	0.05	
https://www.aki-aki.net/product/131038	Muldrotha, the Gravetide		JP	0.27	
https://www.aki-aki.net/product/131039	Nicol Bolas, God-Pharaoh		JP	1.1	
https://www.aki-aki.net/product/131040	Sedris, the Traitor King		JP	0.17	
https://www.aki-aki.net/product/131041	Uril, the Miststalker		JP	0.24	
https://www.aki-aki.net/product/131042	Wrenn and Six		JP	72.8	
https://www.aki-aki.net/product/131043	Crucible of Worlds		JP	6.52	
https://www.aki-aki.net/product/131044	Mana Vault		JP	23.7	
https://www.aki-aki.net/product/131045	Cavern of Souls		JP	56.42	
https://www.aki-aki.net/product/131046	Leonin Arbiter		JP	1.07	
https://www.aki-aki.net/product/131047	Mikaeus, the Lunarch		JP	0.24	
https://www.aki-aki.net/product/131048	Restoration Angel		JP	0.33	
https://www.aki-aki.net/product/131049	Reveillark		JP	0.29	
https://www.aki-aki.net/product/131050	Smothering Tithe		JP	4.98	
https://www.aki-aki.net/product/131051	Teferi's Protection		JP	3.13	
https://www.aki-aki.net/product/131052	Weathered Wayfarer		JP	1.13	
https://www.aki-aki.net/product/131053	Disciple of the Ring		JP	0.09	
https://www.aki-aki.net/product/131054	Force of Negation		JP	43.34	
https://www.aki-aki.net/product/131055	Gifts Ungiven		JP	0.34	
https://www.aki-aki.net/product/131056	Kederekt Leviathan		JP	0.09	
https://www.aki-aki.net/product/131057	Pull from Tomorrow		JP	0.15	
https://www.aki-aki.net/product/131058	Talrand, Sky Summoner		JP	0.09	
https://www.aki-aki.net/product/131059	Venser, Shaper Savant		JP	0.34	
https://www.aki-aki.net/product/131060	Damnation		JP	5.11	
https://www.aki-aki.net/product/131061	Gravecrawler		JP	1.74	
https://www.aki-aki.net/product/131062	Necrotic Ooze		JP	0.4	
https://www.aki-aki.net/product/131063	Ob Nixilis, Unshackled		JP	0.09	
https://www.aki-aki.net/product/131064	Oona's Prowler		JP	0.09	
https://www.aki-aki.net/product/131065	Surgical Extraction		JP	7.9	
https://www.aki-aki.net/product/131066	Yahenni, Undying Partisan		JP	0.24	
https://www.aki-aki.net/product/131067	Abbot of Keral Keep		JP	0.12	
https://www.aki-aki.net/product/131068	Alesha, Who Smiles at Death		JP	0.09	
https://www.aki-aki.net/product/131069	Anger of the Gods		JP	0.81	
https://www.aki-aki.net/product/131070	Backdraft Hellkite		JP	0.15	
https://www.aki-aki.net/product/131071	Bedlam Reveler		JP	0.27	
https://www.aki-aki.net/product/131072	Chaos Warp		JP	0.27	
https://www.aki-aki.net/product/131073	Greater Gargadon		JP	0.19	
https://www.aki-aki.net/product/131074	Twinflame		JP	0.09	
https://www.aki-aki.net/product/131075	Bloom Tender		JP	3.12	
https://www.aki-aki.net/product/131076	Green Sun's Zenith		JP	6.73	
https://www.aki-aki.net/product/131077	Hardened Scales		JP	0.36	
https://www.aki-aki.net/product/131078	Impervious Greatwurm		JP	0.81	
https://www.aki-aki.net/product/131079	Oracle of Mul Daya		JP	0.79	
https://www.aki-aki.net/product/131080	Rishkar, Peema Renegade		JP	0.12	
https://www.aki-aki.net/product/131081	Splinterfright		JP	0.07	
https://www.aki-aki.net/product/131082	Abzan Ascendancy		JP	0.09	
https://www.aki-aki.net/product/131083	Anguished Unmaking		JP	0.36	
https://www.aki-aki.net/product/131084	Arjun, the Shifting Flame		JP	0.03	
https://www.aki-aki.net/product/131085	Ashen Rider		JP	0.35	
https://www.aki-aki.net/product/131086	Ashenmoor Liege		JP	0.19	
https://www.aki-aki.net/product/131087	Assassin's Trophy		JP	2.41	
https://www.aki-aki.net/product/131088	Atarka's Command		JP	0.61	
https://www.aki-aki.net/product/131089	Atla Palani, Nest Tender		JP	0.15	1
https://www.aki-aki.net/product/131090	Balefire Liege		JP	0.27	
https://www.aki-aki.net/product/131091	Boartusk Liege		JP	0.19	
https://www.aki-aki.net/product/131092	Bring to Light		JP	0.4	
https://www.aki-aki.net/product/131093	Child of Alara		JP	0.27	
https://www.aki-aki.net/product/131094	Creakwood Liege		JP	0.19	
https://www.aki-aki.net/product/131095	Dack's Duplicate		JP	0.09	4
https://www.aki-aki.net/product/131096	Dauntless Escort		JP	0.12	
https://www.aki-aki.net/product/131097	Deathbringer Liege		JP	0.09	
https://www.aki-aki.net/product/131098	Doran, the Siege Tower		JP	0.24	
https://www.aki-aki.net/product/131099	Drogskol Reaver		JP	0.17	3
https://www.aki-aki.net/product/131100	Dromoka's Command		JP	0.38	
https://www.aki-aki.net/product/131101	Elsha of the Infinite		JP	0.09	
https://www.aki-aki.net/product/131102	Empyrial Archangel		JP	0.05	
https://www.aki-aki.net/product/131103	Fiery Justice		JP	0.07	
https://www.aki-aki.net/product/131104	Figure of Destiny		JP	0.36	
https://www.aki-aki.net/product/131105	Firesong and Sunspeaker		JP	0.19	
https://www.aki-aki.net/product/131106	Glen Elendra Liege		JP	0.09	
https://www.aki-aki.net/product/131107	Glimpse the Unthinkable		JP	0.71	
https://www.aki-aki.net/product/131108	Grand Arbiter Augustin IV		JP	0.55	
https://www.aki-aki.net/product/131109	Grim Flayer		JP	0.87	
https://www.aki-aki.net/product/131110	Guided Passage		JP	0.09	
https://www.aki-aki.net/product/131111	Hostage Taker		JP	0.17	
https://www.aki-aki.net/product/131112	Hydroid Krasis		JP	2.17	
https://www.aki-aki.net/product/131113	Intet, the Dreamer		JP	0.15	5
https://www.aki-aki.net/product/131114	Jeskai Ascendancy		JP	0.15	
https://www.aki-aki.net/product/131115	Jodah, Archmage Eternal		JP	0.15	
https://www.aki-aki.net/product/131116	Judith, the Scourge Diva		JP	0.17	
https://www.aki-aki.net/product/131117	Kaervek the Merciless		JP	0.09	2
https://www.aki-aki.net/product/131118	Kambal, Consul of Allocation		JP	0.09	
https://www.aki-aki.net/product/131119	Kolaghan's Command		JP	3.39	
https://www.aki-aki.net/product/131120	Lavalanche		JP	0.09	
https://www.aki-aki.net/product/131121	Legion's Initiative		JP	0.03	
https://www.aki-aki.net/product/131122	Magister Sphinx		JP	0.09	
https://www.aki-aki.net/product/131123	Marchesa, the Black Rose		JP	0.19	3
https://www.aki-aki.net/product/131124	Master Biomancer		JP	0.09	
https://www.aki-aki.net/product/131125	Mathas, Fiend Seeker		JP	0.03	
https://www.aki-aki.net/product/131126	Mayael's Aria		JP	0.15	
https://www.aki-aki.net/product/131127	The Mimeoplasm		JP	0.09	
https://www.aki-aki.net/product/131128	Mindwrack Liege		JP	0.09	
https://www.aki-aki.net/product/131129	Murkfiend Liege		JP	0.09	
https://www.aki-aki.net/product/131130	Phyrexian Tyranny		JP	0.09	1
https://www.aki-aki.net/product/131131	Privileged Position		JP	0.36	
https://www.aki-aki.net/product/131132	Prized Amalgam		JP	0.61	
https://www.aki-aki.net/product/131133	Rafiq of the Many		JP	0.19	
https://www.aki-aki.net/product/131134	Roon of the Hidden Realm		JP	0.09	
https://www.aki-aki.net/product/131135	Ruric Thar, the Unbowed		JP	0.09	
https://www.aki-aki.net/product/131136	Shattergang Brothers		JP	0.09	
https://www.aki-aki.net/product/131137	Sidisi, Brood Tyrant		JP	0.09	
https://www.aki-aki.net/product/131138	Skullbriar, the Walking Grave		JP	0.05	
https://www.aki-aki.net/product/131139	Supreme Verdict		JP	3.47	
https://www.aki-aki.net/product/131140	Tariel, Reckoner of Souls		JP	0.09	
https://www.aki-aki.net/product/131141	Teneb, the Harvester		JP	0.09	
https://www.aki-aki.net/product/131142	Thistledown Liege		JP	0.19	
https://www.aki-aki.net/product/131143	Thousand-Year Storm		JP	0.17	
https://www.aki-aki.net/product/131144	Thraximundar		JP	0.09	
https://www.aki-aki.net/product/131145	Ulasht, the Hate Seed		JP	0.09	
https://www.aki-aki.net/product/131146	Varina, Lich Queen		JP	0.05	
https://www.aki-aki.net/product/131147	Villainous Wealth		JP	0.09	
https://www.aki-aki.net/product/131148	Wasitora, Nekoru Queen		JP	0.05	
https://www.aki-aki.net/product/131149	Wilt-Leaf Liege		JP	0.24	
https://www.aki-aki.net/product/131150	Zur the Enchanter		JP	0.12	
https://www.aki-aki.net/product/131151	Aether Vial		JP	15.17	
https://www.aki-aki.net/product/131152	Bloodforged Battle-Axe		JP	0.35	
https://www.aki-aki.net/product/131153	Conqueror's Flail		JP	1.07	
https://www.aki-aki.net/product/131154	Darksteel Plate		JP	0.36	
https://www.aki-aki.net/product/131155	Nim Deathmantle		JP	0.34	
https://www.aki-aki.net/product/131156	Panharmonicon		JP	0.22	
https://www.aki-aki.net/product/131157	Phyrexian Altar		JP	6.15	
https://www.aki-aki.net/product/131158	Pithing Needle		JP	0.72	
https://www.aki-aki.net/product/131159	Planar Bridge		JP	0.27	
https://www.aki-aki.net/product/131160	Sensei's Divining Top		JP	6.52	
https://www.aki-aki.net/product/131161	Thrumming Stone		JP	0.97	
https://www.aki-aki.net/product/131162	Vedalken Orrery		JP	0.81	
https://www.aki-aki.net/product/131163	City of Brass		JP	3.63	
https://www.aki-aki.net/product/131164	Forbidden Orchard		JP	1.38	
https://www.aki-aki.net/product/131165	Pillar of the Paruns		JP	1.56	
https://www.aki-aki.net/product/131167	Flickerwisp		JP	0.05	
https://www.aki-aki.net/product/131170	Path to Exile		JP	0.66	
https://www.aki-aki.net/product/131172	Wall of Omens		JP	0.27	
https://www.aki-aki.net/product/131173	Body Double		JP	0.05	9
https://www.aki-aki.net/product/131174	Breakthrough		JP	0.05	
https://www.aki-aki.net/product/131177	Mulldrifter		JP	0.36	
https://www.aki-aki.net/product/131179	Wash Out		JP	0.05	6
https://www.aki-aki.net/product/131180	Blood Artist		JP	0.22	
https://www.aki-aki.net/product/131181	Go for the Throat		JP	0.05	
https://www.aki-aki.net/product/131183	Inquisition of Kozilek		JP	1.02	
https://www.aki-aki.net/product/131184	Scion of Darkness		JP	0.05	1
https://www.aki-aki.net/product/131191	Lightning Bolt		JP	1.07	
https://www.aki-aki.net/product/131194	Young Pyromancer		JP	0.15	
https://www.aki-aki.net/product/131198	Devoted Druid		JP	0.42	
https://www.aki-aki.net/product/131199	Eternal Witness		JP	0.29	
https://www.aki-aki.net/product/131200	Rancor		JP	0.24	
https://www.aki-aki.net/product/131202	Summer Bloom		JP	0.05	
https://www.aki-aki.net/product/131209	Bloodbraid Elf		JP	0.27	
https://www.aki-aki.net/product/131211	Conclave Mentor		JP	0.05	
https://www.aki-aki.net/product/131218	Lightning Helix		JP	0.24	
https://www.aki-aki.net/product/131219	Lotleth Troll		JP	0.05	
https://www.aki-aki.net/product/131221	Orzhov Pontiff		JP	0.05	
https://www.aki-aki.net/product/131226	Sedraxis Specter		JP	0.05	12
https://www.aki-aki.net/product/131229	Terminate		JP	0.22	
https://www.aki-aki.net/product/131232	Coldsteel Heart		JP	0.24	
https://www.aki-aki.net/product/131233	Dragon Arch		JP	0.05	3
https://www.aki-aki.net/product/131236	Azorius Chancery		JP	0.05	
https://www.aki-aki.net/product/131237	Boros Garrison		JP	0.05	
https://www.aki-aki.net/product/131238	Dimir Aqueduct		JP	0.05	
https://www.aki-aki.net/product/131239	Golgari Rot Farm		JP	0.05	
https://www.aki-aki.net/product/131240	Gruul Turf		JP	0.05	
https://www.aki-aki.net/product/131241	Izzet Boilerworks		JP	0.05	
https://www.aki-aki.net/product/131242	Orzhov Basilica		JP	0.05	
https://www.aki-aki.net/product/131243	Rakdos Carnarium		JP	0.05	
https://www.aki-aki.net/product/131244	Selesnya Sanctuary		JP	0.05	
https://www.aki-aki.net/product/131245	Simic Growth Chamber		JP	0.05	
https://www.aki-aki.net/product/131250	Gods Willing		JP	0.05	
https://www.aki-aki.net/product/131251	Hyena Umbra		JP	0.05	
https://www.aki-aki.net/product/131254	Militia Bugler		JP	0.05	
https://www.aki-aki.net/product/131256	Relief Captain		JP	0.05	14
https://www.aki-aki.net/product/131257	Seeker of the Way		JP	0.05	
https://www.aki-aki.net/product/131261	Advanced Stitchwing		JP	0.05	1
https://www.aki-aki.net/product/131265	Deep Analysis		JP	0.05	
https://www.aki-aki.net/product/131270	Jeskai Elder		JP	0.05	8
https://www.aki-aki.net/product/131273	Mana Leak		JP	0.05	
https://www.aki-aki.net/product/131274	Spell Pierce		JP	0.05	
https://www.aki-aki.net/product/131275	Thought Scour		JP	0.24	
https://www.aki-aki.net/product/131276	Balustrade Spy		JP	0.05	
https://www.aki-aki.net/product/131281	Liliana's Elite		JP	0.05	11
https://www.aki-aki.net/product/131282	Seekers' Squire		JP	0.05	
https://www.aki-aki.net/product/131284	Shadowborn Apostle		JP	0.27	
https://www.aki-aki.net/product/131288	Unearth		JP	0.17	
https://www.aki-aki.net/product/131289	Vampire Sovereign		JP	0.05	
https://www.aki-aki.net/product/131290	Dark-Dweller Oracle		JP	0.05	
https://www.aki-aki.net/product/131295	Lava Coil		JP	0.05	
https://www.aki-aki.net/product/131297	Monastery Swiftspear		JP	0.35	
https://www.aki-aki.net/product/131298	Pirate's Pillage		JP	0.05	13
https://www.aki-aki.net/product/131300	Rift Bolt		JP	0.05	
https://www.aki-aki.net/product/131305	Annoyed Altisaur		JP	0.05	
https://www.aki-aki.net/product/131307	Brindle Shoat		JP	0.05	1
https://www.aki-aki.net/product/131310	Experiment One		JP	0.05	
https://www.aki-aki.net/product/131311	Gnarlback Rhino		JP	0.05	
https://www.aki-aki.net/product/131313	Might of Old Krosa		JP	0.05	
https://www.aki-aki.net/product/131314	Rampant Growth		JP	0.05	1
https://www.aki-aki.net/product/131320	Bloodwater Entity		JP	0.05	7
https://www.aki-aki.net/product/131321	Burning-Tree Emissary		JP	0.22	
https://www.aki-aki.net/product/131322	Call to the Feast		JP	0.05	12
https://www.aki-aki.net/product/131325	Coiling Oracle		JP	0.05	
https://www.aki-aki.net/product/131326	Dreg Mangler		JP	0.05	9
https://www.aki-aki.net/product/131327	Fireblade Artist		JP	0.05	9
https://www.aki-aki.net/product/131330	Izzet Charm		JP	0.05	
https://www.aki-aki.net/product/131331	Lyev Skyknight		JP	0.05	13
https://www.aki-aki.net/product/131333	Qasali Pridemage		JP	0.05	
https://www.aki-aki.net/product/131334	Tenth District Legionnaire		JP	0.05	
https://www.aki-aki.net/product/131337	Cryptic Spires		JP	0.03	52
https://www.aki-aki.net/product/131338	Liliana, the Last Hope (Borderless)		JP	9.22	
https://www.aki-aki.net/product/131339	Wrenn and Six (Borderless)		JP	86.99	
https://www.aki-aki.net/product/131340	Emrakul, the Aeons Torn (Borderless)		JP	31.59	
https://www.aki-aki.net/product/131341	Kozilek, Butcher of Truth (Borderless)		JP	17.11	
https://www.aki-aki.net/product/131342	Ulamog, the Infinite Gyre (Borderless)		JP	18.36	
https://www.aki-aki.net/product/131343	Emiel the Blessed (Borderless)		JP	5.05	
https://www.aki-aki.net/product/131344	Consecrated Sphinx (Borderless)		JP	3.99	
https://www.aki-aki.net/product/131345	Mana Drain (Borderless)		JP	19.98	
https://www.aki-aki.net/product/131346	Imperial Seal (Borderless)		JP	70.52	
https://www.aki-aki.net/product/131347	Dockside Extortionist (Borderless)		JP	50.96	
https://www.aki-aki.net/product/131348	Seasoned Pyromancer (Borderless)		JP	19.77	
https://www.aki-aki.net/product/131349	Allosaurus Shepherd (Borderless)		JP	45.14	
https://www.aki-aki.net/product/131350	Concordant Crossroads (Borderless)		JP	8.99	
https://www.aki-aki.net/product/131351	Dragonlord Dromoka (Borderless)		JP	4.89	
https://www.aki-aki.net/product/131352	Elenda, the Dusk Rose (Borderless)		JP	1.36	
https://www.aki-aki.net/product/131353	Muldrotha, the Gravetide (Borderless)		JP	2.66	
https://www.aki-aki.net/product/131354	Sedris, the Traitor King (Borderless)		JP	0.25	
https://www.aki-aki.net/product/131355	Crucible of Worlds (Borderless)		JP	9.49	
https://www.aki-aki.net/product/131356	Mana Vault (Borderless)		JP	41.63	
https://www.aki-aki.net/product/131357	Cavern of Souls (Borderless)		JP	59.59	
https://www.aki-aki.net/product/131358	Smothering Tithe (Borderless)		JP	6.79	
https://www.aki-aki.net/product/131359	Teferi's Protection (Borderless)		JP	5.99	
https://www.aki-aki.net/product/131360	Force of Negation (Borderless)		JP	41.63	
https://www.aki-aki.net/product/131361	Gifts Ungiven (Borderless)		JP	0.67	
https://www.aki-aki.net/product/131362	Damnation (Borderless)		JP	7.37	
https://www.aki-aki.net/product/131363	Surgical Extraction (Borderless)		JP	9.79	
https://www.aki-aki.net/product/131364	Anger of the Gods (Borderless)		JP	1.1	
https://www.aki-aki.net/product/131365	Chaos Warp (Borderless)		JP	1.06	
https://www.aki-aki.net/product/131366	Bloom Tender (Borderless)		JP	3.95	
https://www.aki-aki.net/product/131367	Hardened Scales (Borderless)		JP	1.5	
https://www.aki-aki.net/product/131368	Oracle of Mul Daya (Borderless)		JP	1.59	
https://www.aki-aki.net/product/131369	Assassin's Trophy (Borderless)		JP	3.12	
https://www.aki-aki.net/product/131370	Glimpse the Unthinkable (Borderless)		JP	1.29	
https://www.aki-aki.net/product/131371	Grand Arbiter Augustin IV (Borderless)		JP	1.01	
https://www.aki-aki.net/product/131372	Grim Flayer (Borderless)		JP	0.97	
https://www.aki-aki.net/product/131373	Kolaghan's Command (Borderless)		JP	2.82	
https://www.aki-aki.net/product/131374	Marchesa, the Black Rose (Borderless)		JP	0.35	
https://www.aki-aki.net/product/131375	The Mimeoplasm (Borderless)		JP	0.19	
https://www.aki-aki.net/product/131376	Privileged Position (Borderless)		JP	0.87	
https://www.aki-aki.net/product/131377	Supreme Verdict (Borderless)		JP	3.55	
https://www.aki-aki.net/product/131378	Thousand-Year Storm (Borderless)		JP	0.58	
https://www.aki-aki.net/product/131379	Aether Vial (Borderless)		JP	15.61	
https://www.aki-aki.net/product/131380	Bloodforged Battle-Axe (Borderless)		JP	0.49	
https://www.aki-aki.net/product/131381	Panharmonicon (Borderless)		JP	1.01	
https://www.aki-aki.net/product/131382	Phyrexian Altar (Borderless)		JP	10.16	
https://www.aki-aki.net/product/131383	Pithing Needle (Borderless)		JP	1.43	
https://www.aki-aki.net/product/131384	Sensei's Divining Top (Borderless)		JP	8.99	
https://www.aki-aki.net/product/131385	Vedalken Orrery (Borderless)		JP	2.56	
https://www.aki-aki.net/product/131386	City of Brass (Borderless)		JP	10.16	
https://www.aki-aki.net/product/131387	Forbidden Orchard (Borderless)		JP	1.97	
https://www.aki-aki.net/product/131388	Flickerwisp (Borderless)		JP	0.24	
https://www.aki-aki.net/product/131389	Mentor of the Meek (Borderless)		JP	0.09	
https://www.aki-aki.net/product/131390	Wall of Omens (Borderless)		JP	0.24	
https://www.aki-aki.net/product/131391	Mulldrifter (Borderless)		JP	0.36	
https://www.aki-aki.net/product/131392	Blood Artist (Borderless)		JP	0.26	
https://www.aki-aki.net/product/131393	Inquisition of Kozilek (Borderless)		JP	0.97	
https://www.aki-aki.net/product/131394	Lightning Bolt (Borderless)		JP	1.71	
https://www.aki-aki.net/product/131395	Young Pyromancer (Borderless)		JP	0.24	
https://www.aki-aki.net/product/131396	Eternal Witness (Borderless)		JP	0.26	
https://www.aki-aki.net/product/131397	Bloodbraid Elf (Borderless)		JP	0.35	
https://www.aki-aki.net/product/131398	Terminate (Borderless)		JP	0.24	
https://www.aki-aki.net/product/131399	Azorius Chancery (Borderless)		JP	0.15	
https://www.aki-aki.net/product/131400	Boros Garrison (Borderless)		JP	0.12	
https://www.aki-aki.net/product/131401	Dimir Aqueduct (Borderless)		JP	0.12	
https://www.aki-aki.net/product/131402	Golgari Rot Farm (Borderless)		JP	0.12	
https://www.aki-aki.net/product/131403	Gruul Turf (Borderless)		JP	0.19	
https://www.aki-aki.net/product/131404	Izzet Boilerworks (Borderless)		JP	0.12	
https://www.aki-aki.net/product/131405	Orzhov Basilica (Borderless)		JP	0.19	
https://www.aki-aki.net/product/131406	Rakdos Carnarium (Borderless)		JP	0.12	
https://www.aki-aki.net/product/131407	Selesnya Sanctuary (Borderless)		JP	0.19	
https://www.aki-aki.net/product/131408	Simic Growth Chamber (Borderless)		JP	0.19	
https://www.aki-aki.net/product/131409	Seeker of the Way (Borderless)		JP	0.03	
https://www.aki-aki.net/product/131410	Spell Pierce (Borderless)		JP	0.22	
https://www.aki-aki.net/product/131411	Thought Scour (Borderless)		JP	0.24	
https://www.aki-aki.net/product/131412	Unearth (Borderless)		JP	0.24	
https://www.aki-aki.net/product/131413	Monastery Swiftspear (Borderless)		JP	0.29	
https://www.aki-aki.net/product/131414	Rampant Growth (Borderless)		JP	0.05	
https://www.aki-aki.net/product/131415	Burning-Tree Emissary (Borderless)		JP	0.24	
https://www.aki-aki.net/product/131416	Coiling Oracle (Borderless)		JP	0.07	
https://www.aki-aki.net/product/131417	Qasali Pridemage (Borderless)		JP	0.15	16
https://www.aki-aki.net/product/131418	Emrakul, the Aeons Torn	Foil	JP	29.38	
https://www.aki-aki.net/product/131419	Kozilek, Butcher of Truth	Foil	JP	24.48	
https://www.aki-aki.net/product/131420	Ulamog, the Infinite Gyre	Foil	JP	18.36	
https://www.aki-aki.net/product/131421	Divine Visitation	Foil	JP	1.85	
https://www.aki-aki.net/product/131422	Emiel the Blessed	Foil	JP	3.02	
https://www.aki-aki.net/product/131423	Monastery Mentor	Foil	JP	11.02	
https://www.aki-aki.net/product/131424	As Foretold	Foil	JP	2.11	
https://www.aki-aki.net/product/131425	Consecrated Sphinx	Foil	JP	9.79	
https://www.aki-aki.net/product/131426	Mana Drain	Foil	JP	24.48	
https://www.aki-aki.net/product/131427	Bitterblossom	Foil	JP	15.91	
https://www.aki-aki.net/product/131428	Imperial Seal	Foil	JP	74.48	
https://www.aki-aki.net/product/131429	Liliana, the Last Hope	Foil	JP	12.24	
https://www.aki-aki.net/product/131430	Dockside Extortionist	Foil	JP	61.22	
https://www.aki-aki.net/product/131431	Seasoned Pyromancer	Foil	JP	19.98	
https://www.aki-aki.net/product/131432	Warrior's Oath	Foil	JP	24.48	
https://www.aki-aki.net/product/131433	Allosaurus Shepherd	Foil	JP	35.26	
https://www.aki-aki.net/product/131434	Concordant Crossroads	Foil	JP	8.99	
https://www.aki-aki.net/product/131435	Food Chain	Foil	JP	12.99	
https://www.aki-aki.net/product/131436	Aminatou, the Fateshifter	Foil	JP	3.18	
https://www.aki-aki.net/product/131437	Animar, Soul of Elements	Foil	JP	5.87	
https://www.aki-aki.net/product/131438	Aurelia, the Warleader	Foil	JP	4.7	
https://www.aki-aki.net/product/131439	Dragonlord Dromoka	Foil	JP	3.67	
https://www.aki-aki.net/product/131440	Dragonlord Silumgar	Foil	JP	3.67	
https://www.aki-aki.net/product/131441	Elenda, the Dusk Rose	Foil	JP	2.44	
https://www.aki-aki.net/product/131442	Ezuri, Claw of Progress	Foil	JP	0.69	
https://www.aki-aki.net/product/131443	Ghave, Guru of Spores	Foil	JP	0.97	
https://www.aki-aki.net/product/131444	Hellkite Overlord	Foil	JP	1.22	
https://www.aki-aki.net/product/131445	Kaalia of the Vast	Foil	JP	4.89	
https://www.aki-aki.net/product/131446	Karador, Ghost Chieftain	Foil	JP	0.61	
https://www.aki-aki.net/product/131447	Lord of Extinction	Foil	JP	0.6	
https://www.aki-aki.net/product/131448	Master of Cruelties	Foil	JP	0.42	
https://www.aki-aki.net/product/131449	Mizzix of the Izmagnus	Foil	JP	0.64	
https://www.aki-aki.net/product/131450	Muldrotha, the Gravetide	Foil	JP	1.83	
https://www.aki-aki.net/product/131451	Nicol Bolas, God-Pharaoh	Foil	JP	3.91	
https://www.aki-aki.net/product/131452	Sedris, the Traitor King	Foil	JP	1.69	
https://www.aki-aki.net/product/131453	Uril, the Miststalker	Foil	JP	1.22	
https://www.aki-aki.net/product/131454	Wrenn and Six	Foil	JP	79.88	
https://www.aki-aki.net/product/131455	Crucible of Worlds	Foil	JP	13.46	
https://www.aki-aki.net/product/131456	Mana Vault	Foil	JP	30.61	
https://www.aki-aki.net/product/131457	Cavern of Souls	Foil	JP	61.22	
https://www.aki-aki.net/product/131458	Leonin Arbiter	Foil	JP	2.18	
https://www.aki-aki.net/product/131459	Mikaeus, the Lunarch	Foil	JP	0.24	
https://www.aki-aki.net/product/131460	Restoration Angel	Foil	JP	0.33	
https://www.aki-aki.net/product/131461	Reveillark	Foil	JP	0.25	
https://www.aki-aki.net/product/131462	Smothering Tithe	Foil	JP	6.79	
https://www.aki-aki.net/product/131463	Teferi's Protection	Foil	JP	5.11	
https://www.aki-aki.net/product/131464	Weathered Wayfarer	Foil	JP	1.17	
https://www.aki-aki.net/product/131465	Disciple of the Ring	Foil	JP	0.26	
https://www.aki-aki.net/product/131466	Force of Negation	Foil	JP	58.77	
https://www.aki-aki.net/product/131467	Gifts Ungiven	Foil	JP	0.73	
https://www.aki-aki.net/product/131468	Kederekt Leviathan	Foil	JP	0.19	
https://www.aki-aki.net/product/131469	Pull from Tomorrow	Foil	JP	0.36	
https://www.aki-aki.net/product/131470	Talrand, Sky Summoner	Foil	JP	0.24	
https://www.aki-aki.net/product/131471	Venser, Shaper Savant	Foil	JP	0.44	
https://www.aki-aki.net/product/131472	Damnation	Foil	JP	11.02	
https://www.aki-aki.net/product/131473	Gravecrawler	Foil	JP	2.18	
https://www.aki-aki.net/product/131474	Necrotic Ooze	Foil	JP	1.1	
https://www.aki-aki.net/product/131475	Ob Nixilis, Unshackled	Foil	JP	0.57	
https://www.aki-aki.net/product/131476	Oona's Prowler	Foil	JP	0.36	
https://www.aki-aki.net/product/131477	Surgical Extraction	Foil	JP	8.57	
https://www.aki-aki.net/product/131478	Yahenni, Undying Partisan	Foil	JP	0.24	
https://www.aki-aki.net/product/131479	Abbot of Keral Keep	Foil	JP	0.3	
https://www.aki-aki.net/product/131480	Alesha, Who Smiles at Death	Foil	JP	0.24	
https://www.aki-aki.net/product/131481	Anger of the Gods	Foil	JP	1.18	
https://www.aki-aki.net/product/131482	Backdraft Hellkite	Foil	JP	0.38	
https://www.aki-aki.net/product/131483	Bedlam Reveler	Foil	JP	0.36	
https://www.aki-aki.net/product/131484	Chaos Warp	Foil	JP	0.53	
https://www.aki-aki.net/product/131485	Greater Gargadon	Foil	JP	0.36	
https://www.aki-aki.net/product/131486	Twinflame	Foil	JP	1.01	
https://www.aki-aki.net/product/131487	Bloom Tender	Foil	JP	8.57	
https://www.aki-aki.net/product/131488	Green Sun's Zenith	Foil	JP	9.02	
https://www.aki-aki.net/product/131489	Hardened Scales	Foil	JP	0.89	
https://www.aki-aki.net/product/131490	Impervious Greatwurm	Foil	JP	0.59	
https://www.aki-aki.net/product/131491	Oracle of Mul Daya	Foil	JP	4.89	
https://www.aki-aki.net/product/131492	Rishkar, Peema Renegade	Foil	JP	0.24	
https://www.aki-aki.net/product/131493	Splinterfright	Foil	JP	0.24	
https://www.aki-aki.net/product/131494	Abzan Ascendancy	Foil	JP	0.24	
https://www.aki-aki.net/product/131495	Anguished Unmaking	Foil	JP	0.58	
https://www.aki-aki.net/product/131496	Arjun, the Shifting Flame	Foil	JP	0.35	
https://www.aki-aki.net/product/131497	Ashen Rider	Foil	JP	0.73	
https://www.aki-aki.net/product/131498	Ashenmoor Liege	Foil	JP	0.24	2
https://www.aki-aki.net/product/131499	Assassin's Trophy	Foil	JP	4.16	
https://www.aki-aki.net/product/131500	Atarka's Command	Foil	JP	1.13	
https://www.aki-aki.net/product/131501	Atla Palani, Nest Tender	Foil	JP	0.24	
https://www.aki-aki.net/product/131502	Balefire Liege	Foil	JP	0.24	
https://www.aki-aki.net/product/131503	Boartusk Liege	Foil	JP	0.29	
https://www.aki-aki.net/product/131504	Bring to Light	Foil	JP	0.61	
https://www.aki-aki.net/product/131505	Child of Alara	Foil	JP	0.29	
https://www.aki-aki.net/product/131506	Creakwood Liege	Foil	JP	0.24	
https://www.aki-aki.net/product/131507	Dack's Duplicate	Foil	JP	0.24	
https://www.aki-aki.net/product/131508	Dauntless Escort	Foil	JP	0.24	
https://www.aki-aki.net/product/131509	Deathbringer Liege	Foil	JP	0.24	2
https://www.aki-aki.net/product/131510	Doran, the Siege Tower	Foil	JP	1.22	
https://www.aki-aki.net/product/131511	Drogskol Reaver	Foil	JP	0.24	
https://www.aki-aki.net/product/131512	Dromoka's Command	Foil	JP	0.81	
https://www.aki-aki.net/product/131513	Elsha of the Infinite	Foil	JP	0.29	
https://www.aki-aki.net/product/131514	Empyrial Archangel	Foil	JP	0.66	
https://www.aki-aki.net/product/131515	Fiery Justice	Foil	JP	0.19	
https://www.aki-aki.net/product/131516	Figure of Destiny	Foil	JP	0.27	
https://www.aki-aki.net/product/131517	Firesong and Sunspeaker	Foil	JP	0.24	
https://www.aki-aki.net/product/131518	Glen Elendra Liege	Foil	JP	0.24	
https://www.aki-aki.net/product/131519	Glimpse the Unthinkable	Foil	JP	0.85	
https://www.aki-aki.net/product/131520	Grand Arbiter Augustin IV	Foil	JP	0.74	
https://www.aki-aki.net/product/131521	Grim Flayer	Foil	JP	1.46	
https://www.aki-aki.net/product/131522	Guided Passage	Foil	JP	0.24	
https://www.aki-aki.net/product/131523	Hostage Taker	Foil	JP	0.64	
https://www.aki-aki.net/product/131524	Hydroid Krasis	Foil	JP	1.98	
https://www.aki-aki.net/product/131525	Intet, the Dreamer	Foil	JP	0.61	
https://www.aki-aki.net/product/131526	Jeskai Ascendancy	Foil	JP	0.24	
https://www.aki-aki.net/product/131527	Jodah, Archmage Eternal	Foil	JP	0.26	
https://www.aki-aki.net/product/131528	Judith, the Scourge Diva	Foil	JP	0.24	
https://www.aki-aki.net/product/131529	Kaervek the Merciless	Foil	JP	0.19	
https://www.aki-aki.net/product/131530	Kambal, Consul of Allocation	Foil	JP	0.44	
https://www.aki-aki.net/product/131531	Kolaghan's Command	Foil	JP	4.16	
https://www.aki-aki.net/product/131532	Lavalanche	Foil	JP	0.26	
https://www.aki-aki.net/product/131533	Legion's Initiative	Foil	JP	0.24	
https://www.aki-aki.net/product/131534	Magister Sphinx	Foil	JP	0.24	
https://www.aki-aki.net/product/131535	Marchesa, the Black Rose	Foil	JP	0.48	
https://www.aki-aki.net/product/131536	Master Biomancer	Foil	JP	0.24	
https://www.aki-aki.net/product/131537	Mathas, Fiend Seeker	Foil	JP	0.97	
https://www.aki-aki.net/product/131538	Mayael's Aria	Foil	JP	0.27	
https://www.aki-aki.net/product/131539	The Mimeoplasm	Foil	JP	0.28	
https://www.aki-aki.net/product/131540	Mindwrack Liege	Foil	JP	0.24	2
https://www.aki-aki.net/product/131541	Murkfiend Liege	Foil	JP	0.24	
https://www.aki-aki.net/product/131542	Phyrexian Tyranny	Foil	JP	0.45	
https://www.aki-aki.net/product/131543	Privileged Position	Foil	JP	0.34	
https://www.aki-aki.net/product/131544	Prized Amalgam	Foil	JP	0.27	
https://www.aki-aki.net/product/131545	Rafiq of the Many	Foil	JP	1.89	
https://www.aki-aki.net/product/131546	Roon of the Hidden Realm	Foil	JP	0.19	
https://www.aki-aki.net/product/131547	Ruric Thar, the Unbowed	Foil	JP	0.48	
https://www.aki-aki.net/product/131548	Shattergang Brothers	Foil	JP	0.24	
https://www.aki-aki.net/product/131549	Sidisi, Brood Tyrant	Foil	JP	0.24	
https://www.aki-aki.net/product/131550	Skullbriar, the Walking Grave	Foil	JP	0.34	
https://www.aki-aki.net/product/131551	Supreme Verdict	Foil	JP	5.64	
https://www.aki-aki.net/product/131552	Tariel, Reckoner of Souls	Foil	JP	1.41	
https://www.aki-aki.net/product/131553	Teneb, the Harvester	Foil	JP	1.03	
https://www.aki-aki.net/product/131554	Thistledown Liege	Foil	JP	0.19	2
https://www.aki-aki.net/product/131555	Thousand-Year Storm	Foil	JP	0.78	
https://www.aki-aki.net/product/131556	Thraximundar	Foil	JP	0.38	
https://www.aki-aki.net/product/131557	Ulasht, the Hate Seed	Foil	JP	0.24	
https://www.aki-aki.net/product/131558	Varina, Lich Queen	Foil	JP	0.97	
https://www.aki-aki.net/product/131559	Villainous Wealth	Foil	JP	0.24	
https://www.aki-aki.net/product/131560	Wasitora, Nekoru Queen	Foil	JP	1.22	
https://www.aki-aki.net/product/131561	Wilt-Leaf Liege	Foil	JP	0.58	
https://www.aki-aki.net/product/131562	Zur the Enchanter	Foil	JP	1.07	
https://www.aki-aki.net/product/131563	Aether Vial	Foil	JP	18.97	
https://www.aki-aki.net/product/131564	Bloodforged Battle-Axe	Foil	JP	2.01	
https://www.aki-aki.net/product/131565	Conqueror's Flail	Foil	JP	2.73	
https://www.aki-aki.net/product/131566	Darksteel Plate	Foil	JP	2.44	
https://www.aki-aki.net/product/131567	Nim Deathmantle	Foil	JP	1.83	
https://www.aki-aki.net/product/131568	Panharmonicon	Foil	JP	1.4	
https://www.aki-aki.net/product/131569	Phyrexian Altar	Foil	JP	10.84	
https://www.aki-aki.net/product/131570	Pithing Needle	Foil	JP	1.01	
https://www.aki-aki.net/product/131571	Planar Bridge	Foil	JP	0.73	
https://www.aki-aki.net/product/131572	Sensei's Divining Top	Foil	JP	8.5	
https://www.aki-aki.net/product/131573	Thrumming Stone	Foil	JP	2.14	
https://www.aki-aki.net/product/131574	Vedalken Orrery	Foil	JP	3.67	
https://www.aki-aki.net/product/131575	City of Brass	Foil	JP	7.07	
https://www.aki-aki.net/product/131576	Forbidden Orchard	Foil	JP	7.05	
https://www.aki-aki.net/product/131577	Pillar of the Paruns	Foil	JP	1.18	
https://www.aki-aki.net/product/131579	Flickerwisp	Foil	JP	0.09	
https://www.aki-aki.net/product/131582	Path to Exile	Foil	JP	0.85	
https://www.aki-aki.net/product/131584	Wall of Omens	Foil	JP	0.19	
https://www.aki-aki.net/product/131585	Body Double	Foil	JP	0.19	12
https://www.aki-aki.net/product/131586	Breakthrough	Foil	JP	0.09	22
https://www.aki-aki.net/product/131589	Mulldrifter	Foil	JP	0.19	
https://www.aki-aki.net/product/131591	Wash Out	Foil	JP	0.05	22
https://www.aki-aki.net/product/131592	Blood Artist	Foil	JP	0.57	
https://www.aki-aki.net/product/131593	Go for the Throat	Foil	JP	0.05	
https://www.aki-aki.net/product/131595	Inquisition of Kozilek	Foil	JP	0.71	
https://www.aki-aki.net/product/131596	Scion of Darkness	Foil	JP	0.05	24
https://www.aki-aki.net/product/131603	Lightning Bolt	Foil	JP	1.34	
https://www.aki-aki.net/product/131606	Young Pyromancer	Foil	JP	0.27	
https://www.aki-aki.net/product/131610	Devoted Druid	Foil	JP	0.61	
https://www.aki-aki.net/product/131611	Eternal Witness	Foil	JP	0.48	
https://www.aki-aki.net/product/131612	Rancor	Foil	JP	0.38	
https://www.aki-aki.net/product/131614	Summer Bloom	Foil	JP	0.19	6
https://www.aki-aki.net/product/131621	Bloodbraid Elf	Foil	JP	0.33	
https://www.aki-aki.net/product/131623	Conclave Mentor	Foil	JP	0.09	
https://www.aki-aki.net/product/131630	Lightning Helix	Foil	JP	0.24	
https://www.aki-aki.net/product/131631	Lotleth Troll	Foil	JP	0.05	15
https://www.aki-aki.net/product/131633	Orzhov Pontiff	Foil	JP	0.19	8
https://www.aki-aki.net/product/131638	Sedraxis Specter	Foil	JP	0.03	19
https://www.aki-aki.net/product/131641	Terminate	Foil	JP	0.19	
https://www.aki-aki.net/product/131644	Coldsteel Heart	Foil	JP	0.44	
https://www.aki-aki.net/product/131645	Dragon Arch	Foil	JP	0.05	13
https://www.aki-aki.net/product/131648	Azorius Chancery	Foil	JP	0.09	2
https://www.aki-aki.net/product/131649	Boros Garrison	Foil	JP	0.09	
https://www.aki-aki.net/product/131650	Dimir Aqueduct	Foil	JP	0.09	
https://www.aki-aki.net/product/131651	Golgari Rot Farm	Foil	JP	0.09	
https://www.aki-aki.net/product/131652	Gruul Turf	Foil	JP	0.09	4
https://www.aki-aki.net/product/131653	Izzet Boilerworks	Foil	JP	0.09	2
https://www.aki-aki.net/product/131654	Orzhov Basilica	Foil	JP	0.09	
https://www.aki-aki.net/product/131655	Rakdos Carnarium	Foil	JP	0.09	
https://www.aki-aki.net/product/131656	Selesnya Sanctuary	Foil	JP	0.09	2
https://www.aki-aki.net/product/131657	Simic Growth Chamber	Foil	JP	0.09	
https://www.aki-aki.net/product/131662	Gods Willing	Foil	JP	0.05	
https://www.aki-aki.net/product/131663	Hyena Umbra	Foil	JP	0.05	
https://www.aki-aki.net/product/131666	Militia Bugler	Foil	JP	0.05	
https://www.aki-aki.net/product/131668	Relief Captain	Foil	JP	0.01	25
https://www.aki-aki.net/product/131669	Seeker of the Way	Foil	JP	0.05	
https://www.aki-aki.net/product/131673	Advanced Stitchwing	Foil	JP	0.03	18
https://www.aki-aki.net/product/131677	Deep Analysis	Foil	JP	0.05	
https://www.aki-aki.net/product/131682	Jeskai Elder	Foil	JP	0.01	20
https://www.aki-aki.net/product/131685	Mana Leak	Foil	JP	0.17	7
https://www.aki-aki.net/product/131686	Spell Pierce	Foil	JP	0.24	
https://www.aki-aki.net/product/131687	Thought Scour	Foil	JP	0.24	
https://www.aki-aki.net/product/131688	Balustrade Spy	Foil	JP	0.05	
https://www.aki-aki.net/product/131693	Liliana's Elite	Foil	JP	0.03	20
https://www.aki-aki.net/product/131694	Seekers' Squire	Foil	JP	0.03	
https://www.aki-aki.net/product/131696	Shadowborn Apostle	Foil	JP	0.42	
https://www.aki-aki.net/product/131700	Unearth	Foil	JP	0.19	
https://www.aki-aki.net/product/131701	Vampire Sovereign	Foil	JP	0.03	
https://www.aki-aki.net/product/131702	Dark-Dweller Oracle	Foil	JP	0.03	38
https://www.aki-aki.net/product/131707	Lava Coil	Foil	JP	0.05	
https://www.aki-aki.net/product/131709	Monastery Swiftspear	Foil	JP	0.38	
https://www.aki-aki.net/product/131710	Pirate's Pillage	Foil	JP	0.05	7
https://www.aki-aki.net/product/131712	Rift Bolt	Foil	JP	0.15	
https://www.aki-aki.net/product/131717	Annoyed Altisaur	Foil	JP	0.05	
https://www.aki-aki.net/product/131719	Brindle Shoat	Foil	JP	0.03	
https://www.aki-aki.net/product/131722	Experiment One	Foil	JP	0.07	
https://www.aki-aki.net/product/131723	Gnarlback Rhino	Foil	JP	0.03	16
https://www.aki-aki.net/product/131725	Might of Old Krosa	Foil	JP	0.07	
https://www.aki-aki.net/product/131726	Rampant Growth	Foil	JP	0.05	
https://www.aki-aki.net/product/131732	Bloodwater Entity	Foil	JP	0.03	19
https://www.aki-aki.net/product/131733	Burning-Tree Emissary	Foil	JP	0.24	
https://www.aki-aki.net/product/131734	Call to the Feast	Foil	JP	0.03	16
https://www.aki-aki.net/product/131737	Coiling Oracle	Foil	JP	0.01	
https://www.aki-aki.net/product/131738	Dreg Mangler	Foil	JP	0.03	13
https://www.aki-aki.net/product/131739	Fireblade Artist	Foil	JP	0.03	10
https://www.aki-aki.net/product/131742	Izzet Charm	Foil	JP	0.17	
https://www.aki-aki.net/product/131743	Lyev Skyknight	Foil	JP	0.03	17
https://www.aki-aki.net/product/131745	Qasali Pridemage	Foil	JP	0.15	
https://www.aki-aki.net/product/131746	Tenth District Legionnaire	Foil	JP	0.17	
https://www.aki-aki.net/product/131749	Liliana, the Last Hope (Borderless)	Foil	JP	24.48	
https://www.aki-aki.net/product/131750	Wrenn and Six (Borderless)	Foil	JP	171.42	
https://www.aki-aki.net/product/131751	Emrakul, the Aeons Torn (Borderless)	Foil	JP	122.44	
https://www.aki-aki.net/product/131752	Kozilek, Butcher of Truth (Borderless)	Foil	JP	58.77	
https://www.aki-aki.net/product/131753	Ulamog, the Infinite Gyre (Borderless)	Foil	JP	58.77	
https://www.aki-aki.net/product/131754	Emiel the Blessed (Borderless)	Foil	JP	26.01	
https://www.aki-aki.net/product/131755	Consecrated Sphinx (Borderless)	Foil	JP	21.42	
https://www.aki-aki.net/product/131756	Mana Drain (Borderless)	Foil	JP	91.83	
https://www.aki-aki.net/product/131757	Imperial Seal (Borderless)	Foil	JP	134.69	
https://www.aki-aki.net/product/131758	Dockside Extortionist (Borderless)	Foil	JP	117.54	
https://www.aki-aki.net/product/131759	Seasoned Pyromancer (Borderless)	Foil	JP	36.73	
https://www.aki-aki.net/product/131760	Allosaurus Shepherd (Borderless)	Foil	JP	83.26	
https://www.aki-aki.net/product/131761	Concordant Crossroads (Borderless)	Foil	JP	18.36	
https://www.aki-aki.net/product/131762	Dragonlord Dromoka (Borderless)	Foil	JP	18.36	
https://www.aki-aki.net/product/131763	Elenda, the Dusk Rose (Borderless)	Foil	JP	15.3	
https://www.aki-aki.net/product/131764	Muldrotha, the Gravetide (Borderless)	Foil	JP	6.12	
https://www.aki-aki.net/product/131765	Sedris, the Traitor King (Borderless)	Foil	JP	6.12	
https://www.aki-aki.net/product/131766	Crucible of Worlds (Borderless)	Foil	JP	24.48	
https://www.aki-aki.net/product/131767	Mana Vault (Borderless)	Foil	JP	105.79	
https://www.aki-aki.net/product/131768	Cavern of Souls (Borderless)	Foil	JP	110.2	
https://www.aki-aki.net/product/131769	Smothering Tithe (Borderless)	Foil	JP	16.31	
https://www.aki-aki.net/product/131770	Teferi's Protection (Borderless)	Foil	JP	6.12	
https://www.aki-aki.net/product/131771	Force of Negation (Borderless)	Foil	JP	97.95	
https://www.aki-aki.net/product/131772	Gifts Ungiven (Borderless)	Foil	JP	2.6	
https://www.aki-aki.net/product/131773	Damnation (Borderless)	Foil	JP	9.79	
https://www.aki-aki.net/product/131774	Surgical Extraction (Borderless)	Foil	JP	11.02	
https://www.aki-aki.net/product/131775	Anger of the Gods (Borderless)	Foil	JP	1.59	
https://www.aki-aki.net/product/131776	Chaos Warp (Borderless)	Foil	JP	3.18	
https://www.aki-aki.net/product/131777	Bloom Tender (Borderless)	Foil	JP	6.12	
https://www.aki-aki.net/product/131778	Hardened Scales (Borderless)	Foil	JP	3.67	
https://www.aki-aki.net/product/131779	Oracle of Mul Daya (Borderless)	Foil	JP	4.89	
https://www.aki-aki.net/product/131780	Assassin's Trophy (Borderless)	Foil	JP	8.57	
https://www.aki-aki.net/product/131781	Glimpse the Unthinkable (Borderless)	Foil	JP	1.59	
https://www.aki-aki.net/product/131782	Grand Arbiter Augustin IV (Borderless)	Foil	JP	2.44	
https://www.aki-aki.net/product/131783	Grim Flayer (Borderless)	Foil	JP	1.22	
https://www.aki-aki.net/product/131784	Kolaghan's Command (Borderless)	Foil	JP	9.3	
https://www.aki-aki.net/product/131785	Marchesa, the Black Rose (Borderless)	Foil	JP	7.34	
https://www.aki-aki.net/product/131786	The Mimeoplasm (Borderless)	Foil	JP	1.46	
https://www.aki-aki.net/product/131787	Privileged Position (Borderless)	Foil	JP	5.87	
https://www.aki-aki.net/product/131788	Supreme Verdict (Borderless)	Foil	JP	8.57	
https://www.aki-aki.net/product/131789	Thousand-Year Storm (Borderless)	Foil	JP	2.2	
https://www.aki-aki.net/product/131790	Aether Vial (Borderless)	Foil	JP	22.04	
https://www.aki-aki.net/product/131791	Bloodforged Battle-Axe (Borderless)	Foil	JP	3.67	
https://www.aki-aki.net/product/131792	Panharmonicon (Borderless)	Foil	JP	3.42	
https://www.aki-aki.net/product/131793	Phyrexian Altar (Borderless)	Foil	JP	30.61	
https://www.aki-aki.net/product/131794	Pithing Needle (Borderless)	Foil	JP	4.89	
https://www.aki-aki.net/product/131795	Sensei's Divining Top (Borderless)	Foil	JP	22.04	
https://www.aki-aki.net/product/131796	Vedalken Orrery (Borderless)	Foil	JP	9.79	
https://www.aki-aki.net/product/131797	City of Brass (Borderless)	Foil	JP	15.91	
https://www.aki-aki.net/product/131798	Forbidden Orchard (Borderless)	Foil	JP	9.79	
https://www.aki-aki.net/product/131799	Flickerwisp (Borderless)	Foil	JP	0.61	
https://www.aki-aki.net/product/131800	Mentor of the Meek (Borderless)	Foil	JP	0.12	
https://www.aki-aki.net/product/131801	Wall of Omens (Borderless)	Foil	JP	0.36	
https://www.aki-aki.net/product/131802	Mulldrifter (Borderless)	Foil	JP	1.1	
https://www.aki-aki.net/product/131803	Blood Artist (Borderless)	Foil	JP	0.28	
https://www.aki-aki.net/product/131804	Inquisition of Kozilek (Borderless)	Foil	JP	1.46	
https://www.aki-aki.net/product/131805	Lightning Bolt (Borderless)	Foil	JP	2.93	
https://www.aki-aki.net/product/131806	Young Pyromancer (Borderless)	Foil	JP	0.85	
https://www.aki-aki.net/product/131807	Eternal Witness (Borderless)	Foil	JP	0.85	
https://www.aki-aki.net/product/131808	Bloodbraid Elf (Borderless)	Foil	JP	1.22	
https://www.aki-aki.net/product/131809	Terminate (Borderless)	Foil	JP	1.26	
https://www.aki-aki.net/product/131810	Azorius Chancery (Borderless)	Foil	JP	0.61	
https://www.aki-aki.net/product/131811	Boros Garrison (Borderless)	Foil	JP	0.61	
https://www.aki-aki.net/product/131812	Dimir Aqueduct (Borderless)	Foil	JP	0.61	
https://www.aki-aki.net/product/131813	Golgari Rot Farm (Borderless)	Foil	JP	0.61	
https://www.aki-aki.net/product/131814	Gruul Turf (Borderless)	Foil	JP	0.61	
https://www.aki-aki.net/product/131815	Izzet Boilerworks (Borderless)	Foil	JP	0.61	
https://www.aki-aki.net/product/131816	Orzhov Basilica (Borderless)	Foil	JP	0.61	
https://www.aki-aki.net/product/131817	Rakdos Carnarium (Borderless)	Foil	JP	0.61	
https://www.aki-aki.net/product/131818	Selesnya Sanctuary (Borderless)	Foil	JP	0.61	
https://www.aki-aki.net/product/131819	Simic Growth Chamber (Borderless)	Foil	JP	0.61	
https://www.aki-aki.net/product/131820	Seeker of the Way (Borderless)	Foil	JP	0.09	7
https://www.aki-aki.net/product/131821	Spell Pierce (Borderless)	Foil	JP	0.85	
https://www.aki-aki.net/product/131822	Thought Scour (Borderless)	Foil	JP	0.42	
https://www.aki-aki.net/product/131823	Unearth (Borderless)	Foil	JP	0.42	
https://www.aki-aki.net/product/131824	Monastery Swiftspear (Borderless)	Foil	JP	0.61	
https://www.aki-aki.net/product/131825	Rampant Growth (Borderless)	Foil	JP	0.38	
https://www.aki-aki.net/product/131826	Burning-Tree Emissary (Borderless)	Foil	JP	0.73	
https://www.aki-aki.net/product/131827	Coiling Oracle (Borderless)	Foil	JP	0.19	
https://www.aki-aki.net/product/131828	Qasali Pridemage (Borderless)	Foil	JP	0.19	
