https://www.aki-aki.net/product/133925	008	Foil	JP	154	
https://www.aki-aki.net/product/133926	018	Foil	JP	796	
https://www.aki-aki.net/product/133927	059	Foil	JP	440	
https://www.aki-aki.net/product/133928	066	Foil	JP	800	
https://www.aki-aki.net/product/133929	095	Foil	JP	2,080	
https://www.aki-aki.net/product/133930	130	Foil	JP	88	
https://www.aki-aki.net/product/133931	170	Foil	JP	640	
https://www.aki-aki.net/product/133932	193	Foil	JP	1,664	
https://www.aki-aki.net/product/133933	216	Foil	JP	1,757	
https://www.aki-aki.net/product/133934	219	Foil	JP	512	
https://www.aki-aki.net/product/133935	220	Foil	JP	80	3
https://www.aki-aki.net/product/133936	225	Foil	JP	3,040	
https://www.aki-aki.net/product/133937	036	Foil	JP	96	
https://www.aki-aki.net/product/133938	040	Foil	JP	186	
https://www.aki-aki.net/product/133939	075	Foil	JP	471	
https://www.aki-aki.net/product/133940	081	Foil	JP	444	
https://www.aki-aki.net/product/133941	121	Foil	JP	1,456	
https://www.aki-aki.net/product/133942	165	Foil	JP	272	7
https://www.aki-aki.net/product/133943	203	Foil	JP	154	1
https://www.aki-aki.net/product/133944	229	Foil	JP	444	
https://www.aki-aki.net/product/133945	230	Foil	JP	233	
https://www.aki-aki.net/product/133946	233	Foil	JP	1,984	
https://www.aki-aki.net/product/133947	240	Foil	JP	2,944	
https://www.aki-aki.net/product/133948	009	Foil	JP	36	
https://www.aki-aki.net/product/133949	010	Foil	JP	240	
https://www.aki-aki.net/product/133950	012	Foil	JP	986	
https://www.aki-aki.net/product/133951	025	Foil	JP	175	
https://www.aki-aki.net/product/133952	026	Foil	JP	592	
https://www.aki-aki.net/product/133953	030	Foil	JP	36	
https://www.aki-aki.net/product/133954	047	Foil	JP	29	
https://www.aki-aki.net/product/133955	051	Foil	JP	36	
https://www.aki-aki.net/product/133956	052	Foil	JP	32	
https://www.aki-aki.net/product/133957	062	Foil	JP	80	1
https://www.aki-aki.net/product/133958	070	Foil	JP	36	
https://www.aki-aki.net/product/133959	082	Foil	JP	23	
https://www.aki-aki.net/product/133960	084	Foil	JP	36	
https://www.aki-aki.net/product/133961	089	Foil	JP	286	
https://www.aki-aki.net/product/133962	094	Foil	JP	26	
https://www.aki-aki.net/product/133963	097	Foil	JP	36	
https://www.aki-aki.net/product/133964	099	Foil	JP	74	13
https://www.aki-aki.net/product/133965	105	Foil	JP	80	3
https://www.aki-aki.net/product/133966	107	Foil	JP	220	
https://www.aki-aki.net/product/133967	111	Foil	JP	26	
https://www.aki-aki.net/product/133968	128	Foil	JP	1,883	
https://www.aki-aki.net/product/133969	135	Foil	JP	112	
https://www.aki-aki.net/product/133970	139	Foil	JP	106	
https://www.aki-aki.net/product/133971	141	Foil	JP	68	
https://www.aki-aki.net/product/133972	146	Foil	JP	29	
https://www.aki-aki.net/product/133973	154	Foil	JP	23	10
https://www.aki-aki.net/product/133974	156	Foil	JP	29	
https://www.aki-aki.net/product/133975	177	Foil	JP	52	
https://www.aki-aki.net/product/133976	179	Foil	JP	96	
https://www.aki-aki.net/product/133977	185	Foil	JP	150	
https://www.aki-aki.net/product/133978	192	Foil	JP	74	8
https://www.aki-aki.net/product/133979	194	Foil	JP	36	
https://www.aki-aki.net/product/133980	208	Foil	JP	29	10
https://www.aki-aki.net/product/133981	211	Foil	JP	77	
https://www.aki-aki.net/product/133982	212	Foil	JP	176	
https://www.aki-aki.net/product/133983	215	Foil	JP	36	
https://www.aki-aki.net/product/133984	217	Foil	JP	52	
https://www.aki-aki.net/product/133985	218	Foil	JP	32	7
https://www.aki-aki.net/product/133986	222	Foil	JP	26	5
https://www.aki-aki.net/product/133987	224	Foil	JP	26	10
https://www.aki-aki.net/product/133988	226	Foil	JP	36	
https://www.aki-aki.net/product/133989	034	Foil	JP	45	
https://www.aki-aki.net/product/133990	038	Foil	JP	544	
https://www.aki-aki.net/product/133991	083	Foil	JP	36	2
https://www.aki-aki.net/product/133992	122	Foil	JP	98	
https://www.aki-aki.net/product/133993	125	Foil	JP	144	
https://www.aki-aki.net/product/133994	163	Foil	JP	119	2
https://www.aki-aki.net/product/133995	202	Foil	JP	29	
https://www.aki-aki.net/product/133996	205	Foil	JP	52	
https://www.aki-aki.net/product/133997	237	Foil	JP	130	
https://www.aki-aki.net/product/133998	238	Foil	JP	1,120	
https://www.aki-aki.net/product/133999	245	Foil	JP	26	
https://www.aki-aki.net/product/134000	247	Foil	JP	424	
https://www.aki-aki.net/product/134001	254	Foil	JP	36	
https://www.aki-aki.net/product/134002	256	Foil	JP	186	
https://www.aki-aki.net/product/134003	257	Foil	JP	109	
https://www.aki-aki.net/product/134004	258	Foil	JP	96	
https://www.aki-aki.net/product/134005	259	Foil	JP	136	
https://www.aki-aki.net/product/134006	262	Foil	JP	199	
https://www.aki-aki.net/product/134007	263	Foil	JP	32	
https://www.aki-aki.net/product/134008	264	Foil	JP	111	
https://www.aki-aki.net/product/134009	265	Foil	JP	160	
https://www.aki-aki.net/product/134010	267	Foil	JP	176	
