https://www.aki-aki.net/product/134231	002	Foil	JP	545	
https://www.aki-aki.net/product/134232	003	Foil	JP	286	
https://www.aki-aki.net/product/134233	009	Foil	JP	256	
https://www.aki-aki.net/product/134234	019	Foil	JP	272	
https://www.aki-aki.net/product/134235	031	Foil	JP	400	
https://www.aki-aki.net/product/134236	033	Foil	JP	102	
https://www.aki-aki.net/product/134237	035	Foil	JP	5,693	
https://www.aki-aki.net/product/134238	036	Foil	JP	168	
https://www.aki-aki.net/product/134239	038	Foil	JP	112	
https://www.aki-aki.net/product/134240	039	Foil	JP	96	
https://www.aki-aki.net/product/134241	041	Foil	JP	412	
https://www.aki-aki.net/product/134242	047	Foil	JP	355	
https://www.aki-aki.net/product/134243	056	Foil	JP	160	
https://www.aki-aki.net/product/134244	057	Foil	JP	205	
https://www.aki-aki.net/product/134245	063	Foil	JP	2,060	
https://www.aki-aki.net/product/134246	001	Foil	JP	39	1
https://www.aki-aki.net/product/134247	004	Foil	JP	128	
https://www.aki-aki.net/product/134248	005	Foil	JP	39	1
https://www.aki-aki.net/product/134249	006	Foil	JP	36	
https://www.aki-aki.net/product/134250	010	Foil	JP	215	
https://www.aki-aki.net/product/134251	012	Foil	JP	80	
https://www.aki-aki.net/product/134252	013	Foil	JP	350	
https://www.aki-aki.net/product/134253	014	Foil	JP	36	
https://www.aki-aki.net/product/134254	017	Foil	JP	224	
https://www.aki-aki.net/product/134255	018	Foil	JP	160	
https://www.aki-aki.net/product/134256	020	Foil	JP	112	
https://www.aki-aki.net/product/134257	022	Foil	JP	58	
https://www.aki-aki.net/product/134258	025	Foil	JP	36	
https://www.aki-aki.net/product/134259	026	Foil	JP	36	1
https://www.aki-aki.net/product/134260	027	Foil	JP	32	
https://www.aki-aki.net/product/134261	029	Foil	JP	96	
https://www.aki-aki.net/product/134262	030	Foil	JP	92	
https://www.aki-aki.net/product/134263	040	Foil	JP	96	
https://www.aki-aki.net/product/134264	042	Foil	JP	42	
https://www.aki-aki.net/product/134265	044	Foil	JP	23	1
https://www.aki-aki.net/product/134266	045	Foil	JP	92	
https://www.aki-aki.net/product/134267	046	Foil	JP	48	
https://www.aki-aki.net/product/134268	048	Foil	JP	32	
https://www.aki-aki.net/product/134269	049	Foil	JP	55	
https://www.aki-aki.net/product/134270	050	Foil	JP	96	
https://www.aki-aki.net/product/134271	052	Foil	JP	96	
https://www.aki-aki.net/product/134272	059	Foil	JP	96	
https://www.aki-aki.net/product/134273	060	Foil	JP	437	
https://www.aki-aki.net/product/134274	061	Foil	JP	80	
https://www.aki-aki.net/product/134275	062	Foil	JP	29	2
https://www.aki-aki.net/product/134276	007	Foil	JP	7	
https://www.aki-aki.net/product/134277	008	Foil	JP	7	13
https://www.aki-aki.net/product/134278	011	Foil	JP	80	
https://www.aki-aki.net/product/134279	015	Foil	JP	7	31
https://www.aki-aki.net/product/134280	016	Foil	JP	16	21
https://www.aki-aki.net/product/134281	021	Foil	JP	26	
https://www.aki-aki.net/product/134282	023	Foil	JP	20	10
https://www.aki-aki.net/product/134283	024	Foil	JP	7	17
https://www.aki-aki.net/product/134284	028	Foil	JP	48	1
https://www.aki-aki.net/product/134285	032	Foil	JP	16	18
https://www.aki-aki.net/product/134286	034	Foil	JP	480	
https://www.aki-aki.net/product/134287	037	Foil	JP	39	
https://www.aki-aki.net/product/134288	043	Foil	JP	16	13
https://www.aki-aki.net/product/134289	051	Foil	JP	13	18
https://www.aki-aki.net/product/134290	053	Foil	JP	7	14
https://www.aki-aki.net/product/134291	054	Foil	JP	80	
https://www.aki-aki.net/product/134292	055	Foil	JP	84	
https://www.aki-aki.net/product/134293	058	Foil	JP	20	14
