https://www.aki-aki.net/product/133025	290	Foil	JP	6,336	
https://www.aki-aki.net/product/133026	302	Foil	JP	201	
https://www.aki-aki.net/product/133027	313	Foil	JP	80	
https://www.aki-aki.net/product/133028	317	Foil	JP	48	
https://www.aki-aki.net/product/133029	318	Foil	JP	48	
https://www.aki-aki.net/product/133030	319	Foil	JP	291	
https://www.aki-aki.net/product/133031	327	Foil	JP	96	
https://www.aki-aki.net/product/133032	287	Foil	JP	29	
https://www.aki-aki.net/product/133033	288	Foil	JP	80	
https://www.aki-aki.net/product/133034	289	Foil	JP	32	9
https://www.aki-aki.net/product/133035	291	Foil	JP	52	
https://www.aki-aki.net/product/133036	293	Foil	JP	20	
https://www.aki-aki.net/product/133037	298	Foil	JP	77	
https://www.aki-aki.net/product/133038	300	Foil	JP	32	
https://www.aki-aki.net/product/133039	301	Foil	JP	55	
https://www.aki-aki.net/product/133040	303	Foil	JP	32	8
https://www.aki-aki.net/product/133041	305	Foil	JP	32	5
https://www.aki-aki.net/product/133042	308	Foil	JP	20	22
https://www.aki-aki.net/product/133043	312	Foil	JP	42	4
https://www.aki-aki.net/product/133044	314	Foil	JP	23	15
https://www.aki-aki.net/product/133045	320	Foil	JP	20	
