https://www.aki-aki.net/product/135246	002	Foil	JP	10	
https://www.aki-aki.net/product/135252	026	Foil	JP	87	10
https://www.aki-aki.net/product/135256	035	Foil	JP	7	18
https://www.aki-aki.net/product/135259	046	Foil	JP	80	7
https://www.aki-aki.net/product/135261	064	Foil	JP	280	
https://www.aki-aki.net/product/135262	067	Foil	JP	10	4
https://www.aki-aki.net/product/135263	068	Foil	JP	29	4
https://www.aki-aki.net/product/135266	072	Foil	JP	7	24
https://www.aki-aki.net/product/135272	083	Foil	JP	10	
https://www.aki-aki.net/product/135274	091	Foil	JP	36	
https://www.aki-aki.net/product/135281	108	Foil	JP	221	
https://www.aki-aki.net/product/135288	132	Foil	JP	7	11
https://www.aki-aki.net/product/135289	134	Foil	JP	36	
https://www.aki-aki.net/product/135294	144	Foil	JP	10	
https://www.aki-aki.net/product/135297	158	Foil	JP	36	
https://www.aki-aki.net/product/135298	161	Foil	JP	10	
https://www.aki-aki.net/product/135299	167	Foil	JP	10	
https://www.aki-aki.net/product/135306	190	Foil	JP	90	
https://www.aki-aki.net/product/135307	191	Foil	JP	36	8
https://www.aki-aki.net/product/135310	197	Foil	JP	7	8
https://www.aki-aki.net/product/135316	216	Foil	JP	10	
